"Framework","Neutral","Space","PoolSeeds","HistorySeeds","EnvironmentSeeds"
"1",5,1,1,"88389.4506841898|85041035.2926701|73144272.4121734|7300524.20403808|31932176.835835|21725916.4899588|66630726.0747999|62041509.966366|62053916.5567607|797068.048268557","56262633.9262351|44289053.5341576|90139473.6254588|54874077.1831945|9398745.11677772|8965169.3822816|25309116.48646|53383280.4532722|97730223.1127396|21551600.494422|96862299.3445024|68894652.3703635|71907213.8424963|25927861.4306822|1950844.12116557|13385251.6999468|10218638.7171969|56078662.1645093|30565510.3176832|49996590.660885|73248375.3701672|53551463.4102583|22069032.6532349|46313430.0196543|19681610.5395555|65301056.8814352|91103762.1553987|86005634.535104|54808040.4056236|80785688.8510287|66300089.9599865|93904263.2700875|89901848.5099077|91233869.3160564|13086718.7399417|18759022.1175924|82217552.6991487|50166585.2265432|4727267.17125624|29223218.3972374|78035659.4128534|12703526.2528807|77806842.9790437|60749250.2313107|7614333.46197009|48027027.9804245|55969266.7331547|83658458.6650133|87869940.3023347|96587784.61162|84145240.9047633|73684822.7679729|89947023.1030136|13830758.9339092|31011370.1736555|80347403.6511034|13385628.7691742|67584244.790487|2565054.82830107|74812483.3451584|89995399.0243375|58510782.8257605|29670507.3211342|37321811.5884811|53732264.880091|56381629.9661994|51511421.0313186|98997856.2807664|59911178.6577851|55590393.6270624|17480091.2849605|10007045.6974208|45481108.5481197|70246930.7230785|421356.339938939|81750375.0324249|22100673.6624986|51642271.8996182|93362502.7770177|75943075.446412|74991929.0654361|27218363.1313965|79994678.8465604|46331205.5682763|1849719.16023642|81433535.6000811|89900389.4999623|98067799.4666621|22007619.0540567|56269881.0128495|66469110.1294011|68784676.7483279|76763091.8649957|13776457.1467414|89931997.0281795|46034002.4903417|10016856.9711968|81691948.7435371|35462499.4797632|94534434.9602237","27991568.4834123|61905218.8936621|80159620.4284579|98151781.805791|95196946.314536|66148626.152426|76756531.4890817|9841846.62811458|83729977.06756|51218861.90027|28627042.3792303|1141821.03425264|50480759.37666|58125827.9504254|2822441.37488306|58479843.5447738|20652480.0974876|86146900.7562846|98507465.608418|45852163.0847827|46143307.4902743|35363433.0211207|23666948.8018379|59332043.4913039|91769920.1498181|11605410.9530523|96558824.297972|8771075.51787049|7153107.55185783|71677807.3925525|22653511.4459693|54385851.0209247|92944083.9681774|36710051.8895313|7643602.90486366|65658070.2634528|84116108.5525528|18577853.7532315|70416535.1111442|83007068.2335645|92082673.7536117|8483073.02221656|36402710.0149542|14645630.8662891|65780195.1514557|56230131.6065714|7553072.20388204|58735969.1271558|98977526.8128142|39040612.0335683|9086083.62078667|20376329.2869553|42493726.2898311|33951107.8549549|53034186.7357492|74729117.2854602|9419039.68341649|36927542.1835482|79653023.2997611|52358337.3986185|44056795.8401516|54009645.851329|15541605.8376431|44837905.7226703|87557066.2552491|51836667.1865806|27199296.8395352|82916036.946699|37444147.0485181|75090662.7159566|57639610.5578169|81474209.4138637|43875470.5246538|44085736.9219884|17912592.9716974|56979124.8766705|22530879.6856552|25309333.3914876|27236666.623503|64305226.5048027|27003963.8504386|97317282.9952091|2170521.30028605|88231526.5014768|63583337.3526111|28541519.7955444|12140471.6745019|66549534.7930118|91521184.6819147|38594015.5014396|96456393.5762271|38818737.6316637|94238010.5145276|67985276.482068|76946631.7957267|13335713.4182006|64232472.0043689|39948669.6347594|13909006.1886236|93459703.1446174"
"2",5,4,1,"54616458.248347|35448633.9725554|93881023.0232775|17998116.8825179|89954752.0559281|11475720.3264162|30836465.9780636|96808636.1885071|585759.151726961|21143222.9960337","24607019.2428306|99993699.346669|38069570.1576769|27577506.5412745|13401134.2888698|5271416.48344696|67772687.1101186|22836541.2447602|21637545.7122922|52187285.0833461|34354933.3745614|73454312.1187016|5702137.69096881|9895801.94000155|14598069.2235753|34303838.2008672|78640533.0058187|5362118.73404682|53457214.7764266|13621404.9998671|88768402.9294178|39156969.8229432|2872380.77726215|53106704.9829289|90516687.4872521|27783346.1062983|66515525.0346288|48482696.5723187|66641161.2648517|68221835.8851969|25650013.6340037|46626652.4745151|52609369.6942553|67936696.880497|42710058.4842265|6672602.93848813|92695342.8890556|49043767.596595|55649364.4136935|72421372.8681207|51017942.6986724|46617489.9833277|92596248.0716407|52060019.9932232|2499339.24060315|3382168.12815517|80965017.7368894|20630572.0843375|42352446.3549256|88731466.0241827|42648906.6332579|96366882.6734647|19328628.3873022|54810321.9131008|12841069.1861063|65797402.6165903|26532585.9654695|93943308.9923114|91502685.0067079|61007313.0112141|48296724.7487977|10833421.3728085|54892663.0988717|67600765.6147704|68599659.926258|30464547.8026941|22345373.686403|80330055.3467125|65488126.7808378|80483057.4663356|69012142.4384415|37021756.0790479|77520998.1482476|45251416.2287116|72967889.6721452|67674594.5122093|76783159.4217569|53861962.1191174|23430256.4524114|80962832.1090713|77565233.4094048|88156921.1371243|85018204.6648115|97768502.17022|87031192.3092231|62545532.756485|96787619.7071746|99337913.9574245|85308441.2403405|82889601.4951169|19133125.2222881|8400738.5186851|23872977.308929|29159596.1200073|91080798.1388643|61973767.564632|38194546.8718186|76696512.8015727|3738715.82560241|28731335.7694075","52676952.9562443|1502086.89738065|91522621.1771369|72841655.5793956|10949479.6022773|13064208.95271|8274139.62688297|40263756.2248856|7553562.9875958|50744657.4280038|3058496.62981927|58133422.001265|623132.498003542|49230012.0880827|27620602.3059785|85256923.0366498|41309995.3904748|42463937.8907159|65358767.5187737|23012048.9373803|74973023.6595497|21782603.1148434|41427613.212727|47020090.8137485|42354827.2578046|39644577.5637403|15285955.6255862|22116062.1615127|48989823.507145|25470511.3125965|8158144.86704767|45644814.9168864|3219241.64891243|93580387.0903328|16152931.4005747|37899225.205183|74646246.5496734|41550406.7903385|20330526.1675268|34952828.520909|84911066.4334148|57670457.4981704|29445318.528451|33207336.1147195|63912543.8407063|81330508.9017376|67352337.4833167|39774088.5848179|1168214.97213095|52098400.0060707|27434656.303376|26146431.5466583|9594228.95684838|23511923.5236198|67006394.3136483|7232871.62836641|11602294.9339822|12562313.3499175|28894399.5023146|47776389.4246891|54705228.889361|67762156.5526351|97184564.1965047|57220951.7471492|29557720.2690765|77034589.4619823|77694608.2478389|25769947.7253482|21351994.4110885|64309979.5561284|46901713.8006166|90222505.4102018|79413865.3902337|19825947.4942461|44100503.0181259|10817641.671747|96442638.9196888|51722612.1854037|64897247.1244633|39299424.6212766|84052235.6098518|20420823.8981664|58493532.9155996|86671282.001771|87621295.7315147|61255583.6560205|45878013.5726556|89826001.1337698|74884418.3050096|76797719.4394916|27609231.6489667|60246030.2179679|38268174.091354|30650650.6167352|46470000.827685|93353762.5474855|26114111.2074256|74032310.5128482|33961207.3963508|2235664.47384655"
"3",5,1,2,"96286593.4008732|54215197.4746957|32659998.931922|15233980.5848897|48474828.3633962|41890733.3398238|91142626.6888157|75792008.1727207|6714995.81076205|7752721.40745074","79158879.2810217|17932170.8157659|78010877.2916719|59400298.1903031|51778103.7604436|40744614.7408336|810763.938352466|9260003.99049371|54579774.1040587|15233213.2915035|99993354.5477688|9435515.61795175|14677471.1553007|99507733.178325|92832688.0093664|82144631.8179369|70610273.1404826|37423386.7740259|78410330.8338672|4900435.26515365|55400036.3918021|83519198.7687722|90593101.4800444|4200878.017582|79650444.3744197|29707332.3279619|11913278.3263922|75777693.814598|18358141.0907209|20291888.6439875|74029344.0409005|15176347.3870233|17772771.0688487|80986574.1059184|47326243.9714745|22106165.275909|29840924.0785986|67467849.8879075|69301579.031162|80318437.1907264|85779407.4574485|91227052.9428497|70774065.6100214|78209199.9193653|59103000.7461086|20542091.4571732|4663771.76344395|42410254.4086054|49672496.5749308|34589583.5896954|45915468.1768268|525457.528419793|4081215.6163156|28210549.0099639|15130285.3599191|17198516.5448859|70042581.5070048|27945459.3081027|1469404.97215837|49644949.24061|13369672.7920324|78374358.3364412|92792501.6731024|72947707.5627074|83868206.6882029|65842879.2608902|48961142.4971372|32273103.4597382|38038782.5425714|80367074.4644478|967141.101136804|49496921.9202176|72889415.7567993|33104089.5311162|4863459.36078578|70892952.5222629|42507615.5224815|18232501.7172843|43932688.1198213|71351695.2935606|98950456.3622177|41025111.6380095|79697798.6348793|49035377.1718219|98329558.9918271|8304967.98735112|1615304.15061861|99956484.5813438|59645037.2831896|16458769.1193447|34017148.1249854|33030046.755448|70662634.2842355|98793293.9082384|6853781.12830222|89500280.4463729|28089410.3227183|16941622.4816814|83065884.8630264|38979719.8818997","46721459.8786086|46630146.051757|21115843.7188715|30838213.0227983|75147094.973363|87797445.3615025|63812309.1775924|51831495.2962101|85594032.285735|63528011.739254|67251140.6010017|82616867.7769601|13684688.8577566|5781691.73095375|34229575.8891851|76657550.8052483|27618360.7056737|58770157.4433595|57894294.1501737|43279284.7277597|17674737.2141108|92625702.3354992|30003978.6379784|8110842.66752005|5284078.6986053|7066747.47634679|5708128.81924212|94903208.2920894|28937315.8477247|73012059.9037036|77698960.6209099|60102320.2063516|58423907.6590165|47485392.0983151|41563108.6565554|34033245.9658384|39668460.0971639|39013284.5379412|76759325.8060515|15652290.8248007|58294490.4454052|65044939.2851442|24269346.264191|59702930.1570728|861049.327068031|63201458.5426077|49935668.4042141|79218688.6770651|57308391.1556751|92741489.5966649|6628928.40337008|96891838.4751305|6578560.38305908|69578615.4363304|10402401.862666|24926469.4750309|10403249.1566613|48258588.0672559|59737573.3777881|76283706.9341913|72261902.4338201|74823192.3673302|28803143.6270103|52137720.8409831|41536775.3943428|39924477.2037491|78357330.3371668|27171906.6193327|13046228.9554998|88823391.5204182|55025113.2808626|56023502.8155148|88398709.4042823|83058519.3121806|93038859.9634171|70402459.2181668|51258052.3500219|48621204.0297687|63083832.2918862|3298977.11053491|65649192.5241426|35872985.4226112|29029665.9804881|58004840.8126459|57577683.9395985|91733778.7570432|71226171.9629169|12908934.2895895|98692423.5709012|69198012.445122|63063301.1693135|95041747.8336021|80007037.9162207|87760481.6574603|55080539.6633223|88915289.4029394|41713918.6756685|19429235.1836339|59912257.9675168|22796279.4480845"
"4",5,4,2,"50644779.9038142|53524061.8977696|98113486.3337502|53378059.505485|10571651.2771323|29891295.9173322|4163092.51450002|25284469.3837687|88433259.0503618|44599456.5263391","70329084.4103321|1328117.51682311|86266678.3388704|30201427.0564541|32324559.0319857|12585168.7043905|15821913.164109|78909836.4301026|30772219.9242562|81618400.8959681|55440286.4770964|26307445.7878247|73642143.025063|61227365.8625782|70758950.3843337|93735432.8110814|63004178.2511398|28227463.0386382|53936099.2144793|67132311.3841936|62303971.638903|42040331.1960399|24959732.4058414|9947584.80228484|70668141.2411854|51188786.0717252|7821965.45042098|48552629.1420683|18582333.7873444|97896168.7767878|90963481.0173884|39376278.0586258|14832021.2960243|85671692.1553016|16853340.016678|97411550.4417568|55745285.6563032|78206316.3351268|53342201.0950744|80030157.1376622|66992488.5034561|90254468.540661|6490766.28033072|45812977.1286622|62306915.5495614|53580191.1726594|5917987.97249794|40238712.8211558|28563814.7732243|1263375.51046163|21516886.6794556|39239100.9023413|18068890.5762509|32955377.52565|4541591.88084304|56615033.3965197|94131725.3280431|76394838.2344097|74767452.6181072|5174867.73896962|67630616.6686118|69041473.1856436|57400266.1043778|21202292.8986698|10844297.055155|18201515.6140551|66240393.5333714|85951860.0394949|53116988.8097793|57948988.2336929|93856163.1832272|44369179.1733727|69595388.462767|12216883.1294402|52502898.1501237|13991461.9503543|94978964.5150304|7001099.19998795|8061746.69414759|11259387.3636797|46672299.1317511|45358652.8776214|34782268.2932019|89071264.9328634|40274038.7478843|10683654.2021483|15698507.6609999|27963422.0525622|31765869.4693819|97832730.3892002|68902361.2765595|33072752.924636|36564072.035253|46017018.6357573|32006927.8590381|37588040.3677002|85351038.002409|65667538.7639552|81876963.1907344|88074161.9970649","23502567.8761303|40206185.2393672|9126475.59307516|9918277.99007297|12549851.9511893|67707996.9551414|16750962.9158303|78618489.9741784|37006400.3858715|92215519.445017|87525045.7553193|37558861.1001149|33833600.6738245|16369130.1597282|13100814.4002408|8958546.86386883|27934283.9028686|93570497.1663654|58832348.4873399|95529967.8258598|88065752.8527081|75886586.3084793|18893025.3498256|39497829.6710178|26407939.8475587|30275758.2860067|40143831.2837854|42763382.1265772|78089462.0111212|39694998.4133244|24612174.3228287|86800699.5180622|5956739.62961882|67446335.5448097|35624289.3263698|52929039.1830727|77226048.6148298|74645274.2721885|11941206.3620985|559034.035541117|39706569.397822|5995923.6998111|37692286.7726535|80628927.6573807|37565866.5550873|20123043.3536693|70133720.2917784|93085375.870578|3534791.96783155|33991602.9712185|80629008.1236511|68661704.0541023|1656704.32616025|75516145.0710148|47292330.2557319|44028325.2159134|10718908.5800201|54914115.7418489|85569651.1920542|78841343.5453549|52687095.5247432|91369158.2623869|13466882.2633103|62486560.1537749|9285617.75945127|86088922.5499704|38356307.8707084|34492651.3032988|23160095.2334702|31036060.8389601|11258753.4356862|27594749.1871193|20734634.1107041|8135625.23107976|42620228.8363129|78763669.449836|83698267.2102749|76121286.9081646|78727448.0098858|25109289.7728086|559639.162383974|56330355.9320047|81504634.5815063|46980851.9119397|204017.478972673|83337820.2049062|87878906.307742|40096285.2174416|10404007.3929355|50985765.1544735|12742284.8483548|79729290.3065681|5641191.94168597|71184090.7344595|11425955.4771706|88776900.107041|47679750.4816204|53210098.9017636|8837375.20780414|70058440.2540699"
"5",5,1,3,"17135545.9373444|2048981.79508746|29862224.0079567|44663067.6044151|59942192.2583133|81917874.5616227|55229592.3465863|99927955.4467648|64350759.703666|11927474.4996801","73940138.1462812|75299622.7936819|16040008.678101|64619619.5390075|3074768.69784296|77995048.5099107|71904026.9264951|8521533.31506997|74271077.2668943|20343237.3469695|25806671.8000919|67680173.6932248|45527964.4811526|58064002.0314604|56302545.9647179|76576857.8276038|36873385.5197206|28148391.7729929|13549751.5788302|42690745.1823354|47011204.296723|96495686.1222163|59924931.8707734|91890962.5848755|69352680.3748682|47505046.4272499|27068242.104724|40264445.6597045|56414891.127497|32199799.9679297|38486212.6782537|84184441.9948757|69102397.4213749|42780450.5918175|45624074.7123957|49101086.8456215|42053556.2327132|81568561.5409166|26921067.6196963|83444345.3233689|87446722.8539288|14941803.8548902|39979891.4790154|97980237.4029532|91528506.0415044|5383412.91248798|25877148.2855082|14485897.0073983|69424892.6592991|52810295.2521294|3176249.54041094|66692996.956408|72781458.3806321|36435270.3094482|18707836.0235319|2604963.18805963|63475506.8458617|2093044.71500218|43147431.4304069|52499214.7227749|64461580.5940703|65871624.5088726|40575539.7398025|75715433.3638027|59447688.9586076|50729816.0577193|86150188.6043698|79701411.887072|34813595.5166072|40105906.2220156|82428603.8288847|21532507.6133013|70648154.5930728|96576796.8213186|18048657.127656|29760023.9980966|41126122.6283386|53018877.0033419|5862007.45310634|23331318.6326995|83540663.0532816|89422952.1974921|60222490.5509502|53001675.8944839|94041057.9321906|59710872.40614|99451558.4781766|29225543.2810634|313220.87161243|90900605.7307124|60228998.3304217|53837619.2329451|13689673.7152711|75352021.958679|25390528.3985659|95421600.9238735|64086068.9571127|51922319.7828978|56955719.9953124|15030652.9831141","65398771.0829824|16858.3821505308|76078490.7266498|48496377.049014|11881569.4702789|53905732.3941961|14205494.1272363|69179938.2679164|33177422.3130196|11208249.9312237|64730854.0297672|34619313.5716021|65754603.5479754|38527911.5987942|43812450.9062618|50259489.9386168|70662644.0631226|16895614.0289083|18010267.9179981|51766350.0271738|19019575.9758353|21450768.3180273|9399808.17493051|40586457.2152495|8079572.90671766|40789830.8476433|92432735.9301969|99324346.636422|39713075.3146484|57236991.1475107|76596486.591734|82668028.4691975|69324557.6461777|78239921.5037003|33520148.6479491|80554401.5951455|62445437.326096|18892703.9969712|46740468.8941315|36474155.2853957|65211987.5885546|82414858.4390059|57697434.8630756|170537.503436208|4964786.32558137|47171995.1136038|1969303.88920009|4529237.88689077|80266371.9980046|34199847.1179977|50245251.2737364|10593244.2704216|10356623.143889|45479934.9419773|62585591.1523104|80738607.3283851|51219962.0483443|47464063.577354|23842772.7483213|36200717.0915604|38731909.4268605|55351923.2198596|31978092.0632184|6469005.2298829|19182407.8792706|78421859.2103571|44518772.396259|22186107.3048785|11151044.6527973|59357696.9578862|97926781.9784582|28713354.9340069|66700823.9077404|67926344.9739665|69941322.0630959|549301.36539042|46294511.8546486|3210050.93865097|18363081.8501115|39709279.0575698|27486596.7221558|32524172.26322|21003934.0192452|51976200.3561482|31311941.4960966|88788354.9323305|47919251.8861964|53467943.4262216|20852342.2013968|89797663.7352258|31497311.568819|68624719.7911143|91890303.0455112|36838178.2667711|47316936.7294759|19336398.2718438|15684747.3001108|3607342.62503684|5813142.65727997|4670370.02090365"
"6",5,4,3,"60678690.043278|66258889.3668726|65252094.45972|46045942.2087297|9573920.00127584|50358067.4761906|9836104.67519611|59634658.3915874|853801.355697215|47445187.7642423","66957385.7448995|67466109.0830341|29198565.6600446|15061267.3489377|91017356.3752323|65258799.7727096|1560559.61269885|20555626.2517348|34225384.3555227|91106327.9956579|83404656.5229073|63163952.1103352|51091627.8930381|46292858.7570786|8348199.53888655|37255306.635052|25267216.3536772|17119107.1160138|74300675.6762043|83734996.8031049|84439608.7341011|75113529.4092819|75584025.3317729|53514724.1316736|83620571.4847893|50778364.2504364|43787562.1253625|80128704.989329|81261712.0565847|16288982.0290729|95543720.0376764|41625745.5945015|22765643.1263313|2070687.85093725|20116370.5671206|45407419.395633|57999321.3526905|18479102.6404127|97809967.3520774|48569275.2059549|33144888.9803141|14992674.8592407|74328083.8243663|51074381.4287707|82129888.4227872|42912240.3264046|28122741.5893227|48270926.2054414|83115502.4468899|36431706.0913891|51709283.2596973|74159818.3754832|35395644.4887444|92658871.2027296|80401212.5125155|24328408.3902836|60886767.0875043|51448769.8441371|31266263.5231391|87448830.2273676|64293933.7063581|21330728.0093431|95426058.000885|71192787.9368886|53493420.8961204|98757911.589928|85581838.3628502|19795579.3701112|4144692.09499657|95911815.3434247|50868007.7968165|97100782.7203721|16493318.7887073|84917093.697004|17787892.6508129|19910543.3421209|67242387.7986148|82529729.6745703|33017315.4827207|68530891.1837637|49085163.5346189|14041020.5116495|32435031.584464|19880213.4022117|98156580.6549042|91814857.9308763|3707278.98553014|82371037.8492251|75403792.6439196|40213473.7931192|36602256.2608123|94006848.7077951|22152942.8148642|9780709.0729475|38234189.8279265|3067425.38232356|55922834.0163827|48664709.8790854|81015380.169265|89974256.1392486","94189858.0640554|20695469.9940979|29436259.297654|90537473.2566997|36248683.6267635|400629.010982811|14750928.8042784|23360017.2679871|91220481.5773293|11117797.5311875|7499795.22079229|84789878.828451|93775474.9786109|23197086.3649622|34385947.3709017|63433012.9018053|77164803.8178682|16758431.5408021|77586930.7108223|52950237.8311008|14737559.1332093|58571831.8121508|84827078.9487287|95600578.2121792|25832777.4470672|43597603.4263149|35640298.7148613|16454955.5862322|29950392.0832649|49304260.2902278|45723759.1035664|47918112.8786877|32538962.0615169|55979582.3646709|85377567.4011558|11010434.1991246|84340353.4498066|74208868.1319728|76377395.8431557|69239902.89215|99122459.2551589|67465455.6903988|54580000.4387274|13376025.9253904|51200457.8253254|28244642.4942464|1042911.34048253|39766316.1158562|29828193.5742125|24770823.0279386|43145897.2627297|23770586.2149596|73560970.1601788|11005179.6073094|73076495.2022582|46819486.8881255|46767626.0042936|47548051.3181537|28185835.7600868|86606029.8169032|6188187.37566471|31613233.5690781|9177658.35765749|68372707.0922032|50182130.0946176|38411860.4008108|97975764.0510798|6516088.75487|60374595.9931985|83208699.4079873|90209942.7534267|1767258.08996707|96327276.7141461|61392276.7108306|66679663.7000516|51696678.576991|70636478.997767|90628779.7028199|90511132.1248114|98182665.3238386|11188456.8817914|53349394.1882625|28440825.548023|93853911.7341861|85786125.366576|3328318.10228527|20790871.6984093|85282077.1280676|10964264.0454695|46899080.0669417|78747087.4842256|65372338.4719342|2172310.58049947|30582315.4514655|98605303.5594523|35894304.2578176|63082107.5988933|44117029.8494399|46892965.9575224|91901441.3142577"
"7",5,1,4,"51169952.9364705|39559472.2125679|90929748.8862649|26754613.1508425|44802216.5102884|59785027.8019905|89412528.2997265|97570177.0745218|85027568.8339025|34230489.2139509","47182607.4412093|2872438.07688355|29837188.6368841|44300032.6631591|53054260.9514669|86429996.5556711|4623122.35031277|87661205.3252757|80541431.8107069|68637139.8391202|31914846.5059698|8032857.02131689|58998800.0923768|15270604.7985703|5739738.81546408|75757697.4341646|18669797.6896539|62166695.7391426|49110141.3266733|14172582.7241316|55988186.4814088|37274872.4417761|2586590.8479318|23155050.0029698|89532033.6101577|38472943.1942105|52546858.3218753|81087883.6549819|71740881.9822595|27771300.8224964|4259356.71664774|32546804.3331057|45496631.2972829|78999170.9170863|42462322.2090304|99726527.1143988|52581116.9529334|14868533.1922024|10836849.2452428|56451764.6329477|13152291.5326059|41776667.0463607|52686744.0901697|65725127.8404146|22137732.1984619|70513537.3631492|2095935.05132943|91003537.3177379|78812383.1618577|89823390.3571963|99122741.7718619|74657472.781837|5087445.60647756|87417279.4166952|86608298.9377901|5576919.27533597|30565644.4747001|63170908.1120789|85580927.5992215|12773375.8883551|46852169.2790091|32022087.2294158|89686517.4174309|57492996.7289791|62439416.8378785|94186351.9372419|65128691.7040125|55898444.8434785|48913479.6662256|15392561.5362823|48106658.4587097|41356466.7804167|43737711.5478739|55297890.282236|91403796.6402248|17681601.0847688|62467711.8612453|68348459.4104812|12747540.557757|20577620.9011674|22928294.5394516|73621288.4541601|82569302.4555221|58768095.7280099|74431196.4605004|71038920.3391969|97927828.5754845|47510339.8552164|93219034.8394215|91663825.3955171|49392675.398849|61203889.5487785|68542198.9997849|82264810.5677217|20371104.2413488|5870926.12404376|42542842.0538083|9042319.00349259|3731973.95820171|80995821.4871585","81204327.7546763|3357950.10905713|48943598.1493443|62251603.9758921|12691782.2286487|4391486.40725762|4040716.68162942|56379975.8208916|1300140.12102038|61622943.1703687|71405511.8151009|20175006.7062676|35536671.3367403|27154864.2078415|87225670.3209132|14368842.4723223|23265410.4940593|44592589.4426182|66318621.4864254|27972806.9202974|21143361.2275869|1259536.80835664|73982918.2159156|63340446.1666942|41295633.8375807|15200071.7818737|17344439.3789396|46417028.6664739|4533519.85197514|44237403.6181718|13448771.7412412|90683083.3526328|59070372.5349158|4492279.49138731|37790637.9522756|8196639.47913796|81150605.0871685|6117365.16002566|32851515.9199014|70926910.196431|35476706.5728083|3042074.06006753|77787292.14333|82446209.830232|44902061.2984896|63495172.3041013|87648882.6237619|33523848.8623872|52413024.4972184|68053729.7157571|3872364.41019922|75817560.5442375|41760003.7995726|44033154.7521055|53661168.1105569|2269955.445081|75294098.7236798|24543317.4306527|30681835.6970325|28300082.3808834|73445976.1530161|47164354.9157307|23710507.3407292|54572857.9862043|11568872.3279163|27854370.046407|9859557.21698701|53486330.6442276|51346961.1527398|8416583.8547051|15314101.3113782|21637659.1008157|53448448.1206164|67407562.7932325|26172177.8428182|74883482.7449173|77881442.1501011|74781436.1471683|91729240.771383|16409185.2027923|30994967.7903205|37710384.3493387|11686782.2827771|67385156.3129574|51873867.6561043|44199723.8202021|54789828.0899972|48718533.6882249|39348281.4077288|18631229.3168157|22257708.9443803|517197.675071657|18550396.1751238|35775515.6466737|49890762.148425|53498895.4197615|58821063.7681186|82366324.4023919|60715398.0294243|64931953.9545104"
"8",5,4,4,"69396868.5576692|76689780.9458897|38747492.5722927|60426759.5103011|65235750.4935935|47094495.9670305|82519859.6809059|52980090.23536|77291603.5493836|3461692.94789433","2954738.84325475|3788717.67316014|35397014.1150057|13029777.2586346|7018078.16512883|50928152.3758546|49804551.4337718|92321604.1410342|75706503.0280501|22946786.833927|81097786.2915024|11756146.9785869|71421576.756984|98729271.1390182|33832798.7818047|13075133.3665103|94386705.0111294|34360728.7621126|38619739.5157069|88309349.2826447|78792688.9024675|12122300.057672|38085086.3177329|85409621.1493015|82803810.830228|57394115.7665104|49116628.5704821|65336243.272759|50219001.2251958|43229858.786799|19508699.6536702|834463.234059513|68319228.454493|24451959.9247724|40886343.1075588|23502265.7550871|31285383.1797838|32681998.8898933|40984146.646224|13698810.7580692|64573335.5078846|30611968.4362784|1791256.10738993|35242346.7906192|18828200.3160566|74641018.9429298|11120979.3714806|37505167.3036069|84900821.8385279|95507980.1613465|1948203.1930238|30062493.9613044|84415209.9452913|51822490.2451038|84275506.4135417|37447518.7854841|9634636.15626097|73649458.726868|18742491.0953268|57420177.2687957|86593575.1702636|4576157.12657571|75202839.3093497|52552424.2315441|83194385.6319413|87564322.58524|29875299.8234704|87501254.118979|43214956.2286213|28483692.4402043|74636615.7662123|73099538.1483808|47857985.8317971|62768150.5633518|28025590.5585364|58237756.3230693|76549334.1721594|47461884.9111721|59885833.5521072|74135552.2302911|75824247.7662861|21383038.4425819|9863942.55887717|69210262.7130225|58794674.3937209|44118947.791867|81044899.5092884|50749047.2868085|1770602.81857848|72060961.695388|82579033.2630277|68992682.2669804|70953549.7007892|60446238.6108935|2147326.19933784|64758971.6594666|61473988.0897105|15979363.4898961|34637555.9689477|44973985.4084328","85059771.0115835|63525556.0977384|85676351.4690101|25804492.3422858|51357420.9762737|24228551.1922091|62174710.2588415|611744.681373239|41359480.4238528|72067512.4088302|85432923.2592136|10976953.2456994|59725508.117117|54985967.9304063|33657155.7680145|94811710.3194818|53234492.1724871|9127125.51653385|78275090.2231783|55738480.5520996|44082019.2219689|90767179.4993803|48132177.6518598|18535856.8793163|83071996.8769699|14102364.0055209|86769946.2920427|3177379.56065685|75616087.3454064|34742068.7554404|8068981.18462414|51350937.5276044|44154892.6290125|49592052.5165275|85082936.2403601|54132970.4457894|39689185.6566072|84908860.0603864|10923446.3423491|12236713.1290957|80303081.125021|87421864.2478809|34148774.202913|7130614.50514942|21189546.3289693|37944527.1799341|68411165.4525623|21332961.5071416|69747180.8642149|12609002.366662|98885434.8426685|80312161.8228033|50929281.6976085|7259001.46644562|31277836.5099803|25885143.0611685|35098681.6687509|15540048.9922613|92475465.3358832|19789038.1095931|55776303.4012169|27614247.8687689|91238484.3453765|85465335.2405876|62953798.7522781|58062585.2802768|6091222.44641185|22217848.4778851|22198863.1179556|48546409.4206691|87105721.9803333|74717961.717397|58778216.0611823|13804164.5986959|708679.598756135|88389719.533734|43593061.4825338|31117216.6373581|11515339.2311186|32128105.9645116|18203640.5662075|46698041.3068086|77407495.7007542|66213642.4565688|20003495.4817966|51262539.5087525|61639639.5023912|76260135.2762431|37473098.3749032|2070894.04575527|9140449.97189194|14562464.3424526|66150201.9269392|52051094.6633294|57632701.494731|26567432.0515245|50117739.7556603|8523665.06587714|56990089.17436|33498332.9754323"
"9",5,1,5,"18912171.9216928|58023382.8397468|79905474.0695283|23360112.3327389|64012615.4525205|64226837.3863772|41524739.167653|94884687.6155585|28345319.9779615|20974586.7643505","59679582.5753361|98301667.1147197|77263308.4328845|15383963.4498581|27512605.2554697|52382826.3860196|77518837.3401761|53441035.1421684|69951887.1726468|77146191.3362145|16502154.362388|75968185.0206107|3025383.40911269|70572625.1238957|71580775.0588283|80637452.8678134|86368368.6591685|63613723.0554596|7226104.2194441|42922763.0607784|34921016.7070851|41760551.0447174|30299647.8509158|53901213.8731778|70762346.1959884|52469405.9044123|8187888.67909461|95720758.8478923|2889562.58445978|98730246.2570369|7749173.72036725|36072031.6879451|52265016.8742985|76730134.5942542|52018233.8077575|90910170.3902707|59970988.4263575|21924326.8948048|57337289.8623347|76222784.7939357|552232.610061765|92352172.9419008|45865010.8426809|77017173.9161015|98671826.6271055|86405891.2498876|57646574.2196888|488207.140006125|91021887.5389546|99359130.3238645|42813807.1205467|46889745.0016811|8210598.44456613|4038145.27671784|44753256.1607659|62091856.3334271|64265443.9434409|94478777.1906704|20921632.7173635|33073866.7165861|89035739.6798208|44786375.2255216|41861752.5836453|92252693.7443763|14479368.9949438|27667542.0347601|1468451.69365406|47558608.1389338|92755065.0667399|71169311.5066737|84810488.3218184|66017126.5946701|69502041.4888859|94166907.9475105|74825328.0995414|45298602.5717109|41133803.2688946|36104757.1059316|55708704.7491223|96609153.4355655|92284104.3677181|68184939.2596632|40876461.355947|95128811.2206385|24664810.0437596|89861758.495681|90763429.0633723|3369830.3392157|61735065.8867508|27444155.6073725|60702854.860574|12539469.1247493|31886818.8885972|85765426.7456383|39385224.529542|76381486.8871123|99816076.0384053|99460638.5473162|13414646.2427452|96371924.1553918","95381392.4454153|33020613.2493913|16646335.3205472|34139211.056754|32873448.5199675|81527870.8236292|97852923.0691493|67295631.0911104|15754434.117116|90044772.3921388|40525051.2296334|68860784.1730118|39172691.7820051|30828746.6643378|20100051.2111932|91862853.942439|80731637.7526149|10991792.0082808|37348562.2927547|80365382.4841604|21307359.9385098|48380130.1801577|29546721.1399227|48471836.8621543|43271095.5617949|64108959.7251266|41470928.9325401|38601930.4394722|62250576.261431|46076335.455291|86009422.9690731|55379113.0660102|78459853.9816216|10723792.1096385|39539984.0781465|92510053.2826036|10345630.4175779|82989662.1173248|44668105.1515043|57086181.4543605|8199109.16034132|35074313.4506047|81405991.432257|54197488.2595241|16857862.4259681|8095792.12218523|54073483.2407907|17689239.5596951|10951985.7680425|93844787.5436395|76777925.0396416|70977677.7075604|39654763.6250034|50705196.2194964|64989797.6545617|19037956.3253373|63785606.6692621|34368290.5426249|89889451.8148154|7513578.81817967|13751788.1114036|29683144.5535645|29665306.0941026|8777863.34604025|79720776.2720063|36938076.9087002|19885776.3316482|60032943.7525943|31263494.794257|84660416.1662981|77249660.1333842|505290.366709232|14831273.3042985|89744829.6658695|24940523.5052109|85272709.8856121|2043110.10893434|31371806.235984|82843175.8796796|33435583.3707377|7169279.33972329|67730653.914623|72700817.4406365|31350403.0928016|3925726.81885213|54083008.2958564|12302241.1717102|63605596.9633162|89957027.9289037|17987341.9227079|94895154.9595222|71796922.4555418|8540130.89556247|44963538.1344706|43164615.4494956|17310763.1737366|97566963.2432982|65345165.1567593|45893225.5627587|47136142.5472423"
"10",5,4,5,"85233533.3125666|87530508.8469759|42691647.3545134|78464682.2605282|38309235.8475551|89308631.6296831|2738717.68731624|55690322.0945969|94151631.9289804|81854833.2899809","22195480.0887033|19563257.2285831|44019952.7190998|12681337.2597098|34085757.2853565|11119507.0203394|17301343.2417065|81698540.2721912|94812805.6246787|8520167.27440059|50348235.0381091|80204154.108651|4761138.4652555|24340940.9187734|50684648.4262496|43919598.1016383|8221378.52665037|72552046.3660359|2746656.07139468|55281986.3660261|45838301.8150926|17501848.586835|75631881.0395896|74540720.6006348|14922683.6627349|5914872.09312618|8849237.3470217|75627162.9128605|90884240.9029603|65422879.9510747|1310090.4179737|70485232.6773107|2843661.67616099|45895353.4718603|69001417.7467674|86042858.9163348|57457353.0815542|20641361.2002507|6782503.58905643|28509082.6218948|44826146.6808617|29646262.5497952|77206214.7501856|62748226.4302671|60536276.0135904|42456975.1136005|75901385.2803037|24956426.3271168|16553795.8499044|49688504.1939095|62352417.8983644|20646988.8333231|29269789.4619778|5101483.87402296|53231936.2508133|21149891.4752156|5152858.25822502|42026129.248552|37368648.8252133|2199380.05320728|67351718.9454287|48106801.812537|34345572.674647|44645653.6184996|25602872.5998476|4258448.97981733|1015993.97603422|98375611.2633273|56287920.8708182|6452766.61962271|76010094.6994498|74894918.0589989|35286155.7155848|2022151.69556439|52900817.4547926|27674532.0064947|47947050.8638769|8395209.93176848|34876032.313332|42117741.7039871|7264958.99725705|46227980.4749414|76638262.4860853|89282651.245594|30961876.5488267|17051371.5129346|41502488.7304753|36456309.1425225|12623144.2205608|72163413.5814384|72465968.9236432|76434410.084039|66365191.6431263|20978402.9517323|38162614.1490415|49300037.2778624|34006835.0546062|40997891.5704414|47684807.7727482|29758472.0421582","70303908.2232863|88544564.8105815|71970397.4435106|43062324.5192692|36946305.2833453|58337854.5707092|94813265.7445967|21684492.0534641|16368543.7524691|17335671.2097302|43389840.866439|44934901.5019834|6669038.55744749|29648747.5046888|15843209.1586292|59327429.1139096|16188067.0581013|52284023.3286843|14572267.2110423|32157819.0894797|60242236.8945554|77698714.4723535|39574544.8302478|70444870.4374954|81840678.4441322|88227136.3632753|68232387.7699673|47207530.6577608|64821006.5206513|78484691.1905333|58228964.8242295|56843804.1722402|7998621.34736031|133535.638451576|40121749.7419566|20238529.9839079|28506617.3411906|30467369.0116033|93728734.1337651|87211285.578087|18152172.7703512|68856679.7878593|76177530.4796174|20659191.7434707|33201506.5709129|76011825.3296241|77006722.0786586|36070868.4194833|46580845.3969657|80581178.0039221|61390116.4615527|17357427.18447|70522390.9579217|38387320.6330463|29733028.6353827|56071487.9538864|47681464.1617239|92971647.484228|1311646.68127894|48569155.6939855|29512147.8382498|44590755.5753365|55849814.2985627|63528094.6036801|94258975.7032692|78814825.9045556|10148538.8353467|13334342.8373337|23933116.2767485|986218.452453613|99573674.6583134|29546972.4573195|57174252.9980838|2555498.38766456|51404817.448929|27644469.1000506|85953219.467774|99341755.9657246|45231452.8170973|22310720.9429145|50711319.9681044|17037612.9681244|49810065.8413023|46675222.8792757|31778156.8039209|18899450.218305|45566360.7222959|95062927.3429513|66217544.4187596|32746241.9867516|5860567.69825518|38245992.5021976|41185827.3204416|85195292.6255763|9848188.23635578|55140888.8539299|97564175.4921526|22227870.8592057|1186356.15799576|66164872.0735684"
"11",5,1,6,"92680292.5299853|53378441.8366849|97714745.416306|74152564.3737987|60197885.2180764|41439720.9184244|20666201.3893947|58535048.7148389|33115188.2885024|34086489.4911647","46374872.4665493|41511704.84256|47839586.2970501|82708217.9486752|29319061.4785999|7675646.61800861|75018410.4312211|35457932.879217|69016891.4617971|92075668.3684886|9939153.39931846|30884334.5846981|23278612.1312529|34789700.7130086|57627091.3239568|65490910.6669948|59893311.6998523|79139240.0627956|64579796.534963|39787422.5396663|52815026.3242424|6593104.80114073|13659191.5972531|49846577.7374804|6080786.79069877|98909359.6115708|20913031.5342918|37769035.0404009|2264014.0959993|7028799.29449409|65289052.6223928|6845946.95921987|91952329.0358484|85225680.9361279|7908486.10922694|72331677.7963191|90959232.1375385|55672686.5237579|80493694.7533861|6652474.10070151|4078535.92187166|79650311.707519|1388756.55829906|54348289.3146574|27658727.8582156|75500810.6352761|33973210.467957|75960726.570338|70240021.077916|11418653.5822228|83362909.2201591|89559819.8287189|4266663.19835931|98657995.4857007|89402546.7801839|66948065.1849881|69607282.8490287|64786222.926341|52704952.9599026|9385982.01610148|35267630.8015361|26681686.4255816|86111939.8847222|38745123.706758|94758561.8123412|18455027.9518589|10546316.6488335|14043302.5313541|78502672.8874072|30953867.0582697|13278416.7770296|4441050.67290366|92379753.8504004|41957562.6496226|67280288.6692807|80206008.371897|36305820.2434331|50398401.7763287|53804520.2149078|52733318.9966157|40794063.7087449|14526629.2849556|2790617.77982861|74422404.1467533|96428659.8842591|93085047.416389|21814902.2664875|4041717.24803746|57905214.0237764|33976971.3347778|87971956.8183646|88887503.7664548|952914.077788591|75692168.1575477|21684023.3886614|99508923.5017076|23868016.0837248|57321016.0713643|60789855.1505059|3133964.65498954","21492335.7591033|6022540.54974765|91361280.856654|9630174.07339066|6657618.2609424|46371160.3777483|96713835.5365023|83389215.2179033|98500712.5185803|24176678.5038635|13185662.8926471|38925918.5642004|38165411.0038653|68976933.718659|97627833.6718678|63987119.96153|74041588.511318|98052326.8692195|6145955.13325185|78835643.758066|52407070.1794699|93335335.4688734|22227359.0043187|60317734.5125005|38975967.8626433|49301550.8167446|56077246.5309128|52600117.6098362|15846137.3532191|80319105.7872027|67046793.7830836|77115656.9710001|82985004.526563|6657476.72319412|61148503.7719831|49489031.0801566|82674189.33101|4780060.37883461|14947851.1651978|66296663.9269143|84341797.9311198|90886379.4058561|30601059.2496023|71413192.7583367|19423968.2517946|24327153.2002836|41392533.0387428|53458735.1139635|34721977.6595011|36386414.7802815|61176332.4588537|7931026.8862173|82295745.8673045|95203016.4422467|76100268.3080733|68937684.0367913|20976153.4351856|83114719.2278877|38899894.1052705|31731202.3835257|68484958.4009498|61877579.218708|3768407.73969889|53804395.487532|21387782.8093246|53045058.5531071|24493868.1134954|14340208.1681415|30635611.0610068|29241564.4275025|904672.755859792|97719026.3336524|44367229.3564305|72969155.269675|69039133.307524|70692014.1121373|7743056.09520525|65207461.360842|57528770.9245458|76822695.9742606|22074956.1674893|72544049.4250506|67435569.2230165|40495262.1553093|85359444.5157796|42408895.0268924|22436832.9858407|65800446.2718964|37049171.4216769|34116321.2433457|36483751.9126013|88873881.381005|86515469.5697129|20173129.3695047|24971690.9136623|37040330.7490051|75845509.4881356|82087725.9830013|59199923.3001843|62946009.7756237"
"12",5,4,6,"20611903.9095938|54487706.9769427|40617423.7374216|87471427.4890721|96040286.63598|25452.2543400526|29443541.1924496|53714352.2175029|44476483.7156981|10031211.1433595","92620940.3667599|99008862.0688766|62672827.5092319|91986121.3769764|86688903.3000916|18418468.3486819|73091710.6382549|73354022.7869526|75554379.1688979|5108732.84656554|93037281.0224071|70270166.0338789|75531790.6849086|8041643.70056242|33293865.4115424|85655842.5351977|37310766.1958784|69142748.368904|39685548.6091226|53769467.2355428|73788644.1638693|75804489.1757891|3168437.97918409|23375549.9124527|11857020.133175|9571377.74676085|50773590.9661278|95512970.6067964|7435899.36755598|50797263.8821229|21432894.6778551|79293754.1380525|62759911.0594019|54505355.8889776|35947246.7331216|75997576.4201954|10593639.6401376|11173617.397435|59238465.5028582|49803693.7788129|13925252.6685596|53288254.0253922|14690603.595227|91174778.2723978|97312822.2161904|85284644.6447074|6640629.91272658|11011165.4503271|26016700.0349611|2275396.41782641|96356804.3662235|31505334.3772888|7637492.2413379|54806200.5545944|61335244.3091571|14377960.5394229|39834936.1494184|81723146.1172923|49829680.68216|76044604.1822433|4787560.06341428|11035362.7474979|644602.673128247|90801374.2649928|66685978.602618|56225716.7417556|93734542.3037186|22013620.8226904|69907738.9668673|34101102.7572677|11350121.60521|88730554.7948927|9551985.51528156|45074390.2008981|93651307.3043898|98858215.007931|83377266.8847814|10979160.9458625|17329350.5562469|39457073.5050365|60605438.4727031|25419100.9327769|76719492.6738739|45105.2561402321|37758192.5597042|1040761.19605452|93154704.1516751|30360069.1026077|13824211.5266621|93852882.6925904|83766214.0605971|76305730.1053777|21310752.4905354|47923024.3247002|82969002.0997077|38771306.630224|98811867.5770238|25391301.6756997|26237104.4838801|41341488.9480919","80222454.7835067|96777418.6749011|59584505.5766404|80056673.7772897|88330725.2079248|6617312.0867461|13688701.1118233|24006807.4781448|70485135.6334984|45211427.91491|15856072.8188604|79813464.8706764|64600656.5308198|80386394.7512582|31170069.4961473|37918767.5658613|36483041.5928736|87178901.4898241|9517801.92553997|95013493.2529181|45010072.5749508|29790241.2712574|95171574.7592971|41972418.7348038|87875090.0505111|6358610.62910408|71505254.92616|29695971.7990831|60197577.3228332|51856794.1850051|65537686.3433048|14501213.8178572|23346202.1220475|99872387.4567077|62192187.2720122|66286203.8472667|78293380.3740889|12667300.1796007|72811324.3589178|62515041.930601|48764397.5997344|74619912.5191197|72547235.4097292|71464068.9082444|86620399.1463408|93075438.9613867|61270564.631559|85086443.5778931|75124746.398069|39763529.1097686|96880407.3520005|74101409.3859121|68330171.1687818|73808093.3922902|98933912.6041159|68940750.9751618|33906221.0638076|25606548.669748|90023293.2530344|9859834.54156667|31762599.4794071|81183313.5783672|1139751.16983056|22717960.2719843|88645565.7193437|15762014.570646|51105913.5431424|89314030.5532143|55404416.3785875|60630224.5054394|44707897.3986208|23937159.3575925|91166112.9677668|60211629.5602173|96818579.5005411|68289048.0617061|41110002.6685745|10479132.0161894|94183031.1436206|94496958.9589164|50007075.0247687|32035659.160465|65409298.2178554|53088250.6165653|12092244.6949407|37121251.1323392|69234499.2188737|71745973.3132273|36500557.3956296|83792552.142404|74680956.9420293|17553850.8687168|83664243.5519025|49478986.5100756|63774510.3565976|18711456.9125697|29363636.1137033|10982348.2809588|74587753.50824|70704297.4652722"
"13",5,1,7,"80625497.9223013|92974731.2096879|67352024.4657993|58048465.9876674|54179617.5995842|69691360.9979674|41907198.6107156|2546355.40768504|74950874.8529479|80056623.5324368","74523914.4191146|5458621.47118896|9959255.67112863|20921923.5461205|87992765.4284984|71998136.0947713|21353298.0065793|48538966.7795971|14847213.4722397|14603801.0250777|33246180.4151535|25352857.7508405|50183021.5100199|65973011.6603896|50686426.6935736|66838229.6571508|55032476.0843068|71785138.733685|15834705.0659359|79714278.9000645|36951004.6206415|22419193.6664283|3164023.74301106|76710565.877147|51624389.4584477|88390163.5184884|69761198.4796822|88050795.7655936|24430463.6958987|48459467.4780965|21606442.2158524|12298196.0186735|67331791.180186|76901446.8183741|84337760.6011927|31765942.1591088|75366408.2381874|85445786.267519|33378251.9446686|8014141.46553725|24586879.0429085|9454901.21375769|32395011.0701844|74076523.934491|31592478.8592383|12738994.5555478|46408653.9810523|94118580.3851113|55161671.154201|38546826.7835677|57534350.0822783|79990486.9869351|45446604.7231108|716.60615503788|38049178.5006598|51474993.1171536|77272769.017145|76296641.9104487|1299613.64436895|90562588.9776275|53280012.0068714|78883929.8300445|26150085.1018354|37835116.7310029|87701990.3855398|68096045.6607863|79093956.5980807|27588459.5466778|88684320.4498291|54475399.1765901|39592846.6226906|17710753.9493591|45141353.062354|57951797.7312207|72135235.6718853|68329943.693243|23012821.492739|30004221.1776599|10164465.5689597|61521257.2505698|57334978.6922336|18312926.706858|43589261.2673342|18107177.6198223|14336377.2891462|81792721.0824564|75401909.6493721|65028441.2549809|7236581.31901175|83554100.9437293|81156268.2734802|52105129.3937489|28747123.805806|21002398.2683197|64333374.6353164|47793431.7663312|34457849.8275951|8921831.40385896|98159606.4521|80531206.9365755","11944761.1737996|63256121.8459159|40550093.3527946|11092044.7623357|32248378.242366|29868464.9635106|78859231.4580455|39822207.4843943|25195579.0678039|36692149.0291134|77235672.8091836|44594751.2285784|39418728.9755791|76430836.529471|57564004.9763024|42063351.3480425|40726680.3784296|95307280.193083|6897035.61365604|64598935.2138713|64773954.8934624|5594133.42271|42198096.3321403|83805196.8254149|35253626.1314526|83823165.8795848|45779353.3569202|69112165.0859714|5315036.44306213|84193151.3743475|78440258.6985379|28926895.3027204|69444165.8444703|96150179.6031371|48895231.2851325|75485097.4539295|73892271.798104|99550870.3403175|65468078.6654353|15848622.4478111|53302314.0160367|55932332.4123397|56633172.8594378|73732916.1493108|62946442.1421289|2139973.82670641|73972384.0262741|46048058.7556958|77298964.5367488|70994896.3485658|53141595.5163538|45171769.2892998|5494538.76446933|11521148.7049237|63672151.1604264|76777946.3669285|76027657.8133926|88108886.89477|78442857.0885211|37262254.2316094|14496469.1484347|92882582.4288651|32007079.9440145|53254928.7192523|76466945.6286356|23068239.9589568|60844210.6982693|57057156.1809629|93582756.5612271|91902689.1002432|76188457.6408193|37630690.6575337|98248068.2432652|48184028.3377096|86418387.2705325|72373531.7820683|46294396.6966122|91206347.1972942|30998632.8007653|43459337.4608085|7169693.28932464|85533373.6399189|44740668.7540933|97686368.1105897|59203564.4920543|65425332.8684717|86575559.8060787|96115276.6365558|37595083.0290094|41426145.9838599|15504665.0208533|32562266.6394338|96074232.6453328|62663960.9457925|67906677.1874204|74937080.4755017|5123115.77331275|57858484.8437458|59199885.1392418|66379256.5232143"
"14",5,4,7,"16117275.506258|58232569.4849715|36413821.647875|58737141.7321265|783905.084244907|63567301.5844077|69335032.7201188|49074757.0525855|9735680.55778742|42417605.384253","8679660.87535024|47921677.6322573|52461362.6999781|44606022.6298869|56855053.1985238|40245259.1108158|48996280.5295363|82298493.4551641|7073721.63888067|82472716.4348587|85977918.0726036|13522591.4651528|9234354.69157994|30273826.1641935|94836382.1953535|66591574.4611993|48321012.5239566|75278090.1035294|38933876.5759021|28263305.9425279|72600763.0117238|49872923.8286614|9882655.1809907|27577866.4741665|92877064.156346|75274162.4601185|54591208.0910057|33885839.3020928|35897358.2973704|70516135.7298493|37212252.2909194|88757990.6266183|26159487.0127738|901553.803123534|49613219.2900404|62133271.7128098|54045788.2219926|70633610.3612557|20311768.4694007|47280147.3923028|57859147.6427391|8324868.93050373|62790387.2868046|30599135.7890889|67647963.1569237|53984745.6617281|66954698.3437613|27197565.13834|21400611.9640544|24394833.4129527|94652606.989257|87006234.7035855|47501407.7033848|34958480.6477651|26349352.3700163|44965606.8347394|71993243.6011732|7528356.97494447|33611808.0187589|95964352.5071442|16041872.4175543|3248765.24973661|39188088.87247|7867199.67145473|20081931.9812581|79054092.1967477|54750730.2835584|45636178.5531044|96017304.3422401|50202742.8010479|84977374.64495|30024061.16575|19756667.0365632|47392298.1182113|57729081.3438594|53464654.9029276|56393723.4226614|95829556.4400032|79901663.7261957|36614967.1142921|51596111.3153026|38420546.7766151|11017927.7835414|43594741.798006|78470118.8793406|40673483.6753458|36274361.9829416|3563519.77679878|10130763.3798569|37066939.426586|19088893.5467228|8376132.09150732|56912703.695707|42844659.1598913|14389159.088023|40110758.2263649|27245647.3438069|57313468.0744261|23258425.2953529|80563610.8154431","54555596.3180959|88640489.7319153|10601083.2125321|61433983.7804437|37950540.3107032|71607703.2266185|84970613.6155874|14161244.709976|63973203.0918822|82379115.6057268|75243811.6818666|59487642.7901909|47870062.8038496|35058967.2103524|2825603.42457145|56845888.1461993|253037.409856915|11977521.6560811|39543739.9623916|67606769.7349936|90835149.2136717|52237124.7876436|63219100.9586677|13296249.7882545|86210182.3091507|27976799.7562885|94362961.4776|90187132.2654188|30551569.1637993|62621698.1792822|43150096.2702557|80502860.4110703|38893858.9952886|50849253.7308484|87336847.6517498|85204489.226453|64002361.4512756|76168381.1666444|15757616.2135229|62417947.1982643|13476731.9308594|27951456.8857849|37918247.259222|114613.282494247|50083122.7749586|78633449.3663162|57223104.6622619|49951938.3301958|53648189.5949692|3377455.61264455|1122168.42826456|10077085.7185125|83386264.4387409|68296842.5331637|67451964.574866|44600136.1357048|42414316.3021654|77794896.1593211|17913046.0368469|11507994.6815968|69760593.2597071|55990926.316008|67135314.9460629|76420785.1607352|63563128.6306307|2422020.5610618|52216595.2716023|52601136.1274868|49250903.0504152|86436599.6560082|8777056.82069063|831573.083996773|22378495.1958805|90445281.5419063|60319075.6868571|24000635.3938952|11894562.5377819|61556494.4921061|31506446.8188211|27397630.9457794|64083750.8253753|76503959.4378322|82829316.9150129|64281420.5959439|77985014.9061531|85775891.3887665|78112051.7523959|26062666.2988216|65512614.1617075|91831760.2481693|21568636.0374093|23186452.2211254|21236621.0063919|37861910.4623795|93210548.8842353|77005230.0067618|36906279.6700746|60247826.5296668|48054575.4078776|67017256.9574788"
"15",5,1,8,"35592080.3966001|58786409.6043631|83571652.6955366|34348529.2047262|66751726.2278125|64278519.6192563|74450916.4476767|80757570.8255172|12719390.3783336|51435288.391076","11681633.5823387|43009248.5388741|76685860.5900779|85208663.8100445|64550438.9889538|23264789.3484682|62647941.079922|7758606.92374408|11339093.5119241|47514716.9549018|59587586.6012648|35583328.4324035|30945429.0661961|49980816.5477589|79975677.607581|6618548.20791632|36867615.9065217|20284060.6914833|82426795.6195399|28689770.5169395|52740847.1796662|19070545.0484529|87224022.5784481|86711744.0793663|32034769.281745|97118458.1052512|53786967.3222303|33770091.1564752|19629306.4393103|27308466.1224857|84105815.4590428|26683465.6009451|30888234.9170744|62461347.7149978|10899399.6866047|93776268.8379735|45629274.1000652|93604183.8955134|49303267.1045512|39478853.0189544|38068304.9792424|39523847.0286131|64023679.4017255|62002808.6472303|46770324.7210011|49451053.0494153|69762629.7594979|23957357.3460802|71042982.4888706|29246120.6205189|8985379.7107935|35171384.6670464|70228235.6563956|87072446.1041391|85017878.3060983|96017781.8313241|71885670.395568|30437454.7442421|45757089.2293006|32695078.3608481|97518025.9440094|44330108.4917039|18411262.8223374|65811989.9220765|76861563.3016452|33450685.5579093|22782817.9253265|49322933.1215844|58526580.8738768|43481666.1290824|38048770.8840519|69548436.3939613|57953360.2343872|43605336.6400301|99115019.7340176|28469111.1650318|94293406.2564746|82304325.3039941|5582410.49293429|27738995.1748773|52144241.7986691|41043553.8738966|36743685.2073297|10294480.0164551|51610611.7516756|48629565.5369759|73745298.2226387|11618227.6513427|6399064.46449459|3181799.85042661|78304671.5892851|19299832.3123902|16451629.6470538|85558123.4209239|95009347.8662893|96566530.5731818|95452541.2293151|18409360.6891111|28704136.3306344|36611612.9094735","44281775.2948031|10280913.6966243|23840473.3594507|90896015.0321946|5334944.1383034|35145178.5769314|69789081.2996775|42783314.967528|51599683.6125851|24434876.4885217|57152227.87112|90360243.851319|84444869.8917404|87010727.6830822|68455714.7789747|39205855.5735275|25227177.7251735|45785428.0713946|70961647.4341601|81549235.3169248|25081331.9347799|20570176.5371487|57182443.2583526|58365007.5597689|77202711.6734535|35833943.3791116|30769836.8793353|62687482.8245491|85563217.9183885|9200481.37195408|69991787.8257111|66637084.7960934|44473648.8629133|5567705.60797304|96694532.4791595|58753934.8052815|67598378.8678423|63812275.1843184|80313955.4802328|30310674.5705009|51849125.8844733|68899480.9286669|98753753.7002936|10341901.0294601|97383680.3110316|51439747.0280528|63193798.8800928|89783840.3703645|25171712.2271657|77042236.5283594|2085518.30146462|72437044.2796499|10570376.5526414|90940955.7236359|1080450.18278062|79777091.7415619|53544138.3253783|85174108.6691618|70211824.5884776|89050108.7065786|51152541.0227478|97953610.6577143|5086887.76753843|36736696.8421265|69494434.0735674|23506621.1549565|56713465.9970179|65235405.3454474|96936718.6306044|783253.01874429|76948651.7412588|10600995.8079085|65529261.3897473|80288030.9987813|15253105.2473933|77626620.1399267|38620059.7509742|67392634.996213|2258187.69540638|49673259.3746856|58607752.8074384|64659139.5372525|23212273.8845646|47372654.6624675|90744018.019177|56174049.50317|14692001.5336946|65260014.5433098|34646599.1577134|18205831.2930167|63629552.3028821|99093872.285448|97435626.5040115|34342515.4220313|70814692.9042414|79197385.1853982|28312646.7606053|77992674.8946309|27129682.0603311|93016398.4652609"
"16",5,4,8,"76350262.6912668|31141304.1548803|16957679.6237379|65371199.8369545|85412080.7722211|4311017.85507053|80922685.2143183|74567086.4824206|54976848.163642|27514773.234725","84291718.2249948|36509634.4845369|91929792.4032435|1681681.90866709|52012426.2198806|24270664.8539752|6241621.03049457|91580699.6403262|62292939.6806285|87745821.8019456|52929586.4282176|5746247.43312597|56975862.0113134|88719483.4649563|40209105.8669612|91040306.0959652|74503698.4561011|18969471.4965299|51765928.1846136|54539983.975701|5309911.86387837|17673069.3783611|84210044.7975099|13940549.2460355|77104006.6378191|29299534.5080271|78965974.6224061|92671953.4443691|36306041.9680551|7788569.29391623|31628399.156034|83898443.1931749|89035790.5998826|65654084.0864182|74291632.0916265|15661094.8033631|57282931.9862649|60403468.6461091|50606119.8655516|85975103.5226509|41612222.9536995|27027476.4392525|22775370.5345094|35106451.2506127|76056852.5409326|2634448.60465825|79176451.8478885|18997148.6572176|54861161.5784466|30806269.0543011|92910551.3729155|61893649.0034685|69611693.2202131|83148958.2313225|21536290.87843|13305006.4789131|52630698.9369914|48763775.662519|72016431.2515408|79602705.4777369|68038657.5404555|60001414.1062275|93668171.5073064|69737954.3678835|43784200.6795108|80199314.0950799|51558955.8286592|33060641.2142515|4382121.56295776|31476701.7960548|65912041.4871722|5006814.5385012|83443317.9581538|74799870.0011522|90596621.9492257|38075662.8233939|64693428.8088232|20644566.6030049|911872.927099466|55520235.6074005|55016637.663357|16815561.5683645|16111274.5758146|50107464.6832421|89241648.2791305|76858167.9090858|12354891.9567838|37896448.3039454|72240044.0135971|17932195.3328326|15660837.4556527|14068186.5159422|5564390.23930579|91329960.7113004|43158182.548359|1560021.98345959|52221418.1255549|70031984.7790524|10412058.8861406|17908025.4631117","86111006.513238|4009091.20216966|68569836.1136019|21290362.2770682|41687907.1155563|62963279.2668417|64045291.650109|90388007.205911|87318854.3599099|27027548.1510907|43554410.5246663|62770294.2816541|83437843.6440602|6818117.45744199|2292013.12176883|27603756.1940029|87539356.504567|31408222.9975611|88014421.3791937|49149271.1938918|14738801.3079762|13544962.4387547|435286.876745522|18326602.8063372|11225224.9382436|37473772.6524472|85094990.93052|55960012.3437122|19722636.3234222|39156904.8864767|95108907.6232165|52131252.3400411|95502373.855561|12230301.3224155|33603430.3996712|50389566.1560819|4323538.18323463|74626370.1934367|77080049.1562113|32752115.1164547|5545487.53425479|1843904.14506197|49237024.6443897|98181233.019568|99819577.8345689|45361151.6393721|37406626.2738779|57465580.8275566|48309312.2486025|77847209.1536969|96973317.5821602|94174645.5617249|4996919.35256124|34656071.010977|65144568.1927726|34023521.6775909|24784395.5876306|46087112.3010293|61561931.0643524|21700305.0958738|32161597.2556174|20711690.5599833|48536391.1138847|25392605.4341719|9811266.48839563|96078372.8398383|89352882.0713982|33425854.2163298|74688343.6571807|6848428.95716429|55081698.182039|15725428.1453788|24561154.2835832|75394183.8629544|6490901.3453871|74537408.0026522|53878535.4467109|64506622.0778972|97083899.4486257|22824657.9412371|49061175.2262339|62461597.1930325|32819553.8371801|70248298.230581|38335205.4283023|53533169.3012267|70432067.8720251|85910144.0291852|78328404.5755863|81742004.8639178|65249780.472368|1604480.5990532|52649365.0162593|84668917.9772511|44701942.8946078|55968637.9972845|42713508.894667|15110779.9028978|5160566.60562754|22364807.6178506"
